{"cameraMode":{"drawMode":0,"name":"Shaded","section":"Shading Mode"},"sceneLighting":true,"audioPlay":false,"sceneViewState":{"m_AlwaysRefresh":false,"showFog":true,"showSkybox":true,"showFlares":true,"showImageEffects":true,"showParticleSystems":true,"showVisualEffectGraphs":true,"m_FxEnabled":true},"in2DMode":false,"pivot":{"x":-1.1503825187683106,"y":2.245528221130371,"z":-1.9779703617095948},"rotation":{"x":0.18706992268562318,"y":0.16157220304012299,"z":-0.031208502128720285,"w":0.9684725403785706},"size":8.604193687438965,"orthographic":false}