{"cameraMode":{"drawMode":0,"name":"Shaded","section":"Shading Mode"},"sceneLighting":true,"audioPlay":false,"sceneViewState":{"m_AlwaysRefresh":false,"showFog":true,"showSkybox":true,"showFlares":true,"showImageEffects":true,"showParticleSystems":true,"showVisualEffectGraphs":true,"m_FxEnabled":true},"in2DMode":false,"pivot":{"x":4.481443881988525,"y":0.07754147052764893,"z":1.9500961303710938},"rotation":{"x":0.2635442316532135,"y":0.20807206630706788,"z":-0.05832730233669281,"w":0.9401392936706543},"size":5.983728408813477,"orthographic":false}